Author,Job Title,Emails,Time,Preview
Amandaninow,Hiring | AI-Enabled Talent Strategist,amandan@cpconsulting.co.za,6m,"Feed post

Amanda Ninow

 
 • 3rd+

Talent Acquisition Specialist | Technical Recruiter for .NET, Java, Python, AI, Data Science & Cloud | CyberPro Consulting | 25+ Years in SA Tech Hiring | AI-Enabled Talent Strategist

6m • 

Follow

🚨 Senior Systems Analyst – Banking | Sandton | Long-Term Renewab"
,Location: Remote (Out of State OK),hr@irow9.com,7m,"Feed post

iROW9 INC

7m • 

Follow

Title: CRM Transformation Lead 
Location: Remote (Out of State OK) 
Job Type: contract 
Send resumes to: hr@irow9.com
More roles: www.irow9.com/careers

Summary 
Seeking a senior CRM Strategy Leader with deep Salesforce expertise and enterprise CRM transformation"
,"hiring for contract, contract-to-hire, or full-time positions, let's connect and find the right talent for",gangadhar.koti@interaslabs.com,7m,"Feed post

C2C and W2 positions/ Direct clients/ Implementation Partners/All Over USA

Koti Prasad • 3rd+

7m • 

Join

🔥 HOTLIST – Top Skilled IT Professionals Available Immediately 🔥

We have highly experienced consultants available for immediate interviews and project onboarding across multiple t"
Sravani Koppireddy 08a463214,We are hiring for Python Developer withMCP (Model Context Protocol),sravani.koppireddy@rite.digital,7m,"Feed post

Sravani Koppireddy

 
 • 3rd+

Rite Software 

7m • 

Follow

Hello Everyone,

Greetings from Rite Software!!

We are hiring for Python Developer withMCP (Model Context Protocol)

Experience: 4+ Years

Notice Period: Looking for Immediate joiners

Job Location: Bangalore/Hyderabad/Pune/Ko"
